Workbook

Sheet 説明
A1: 媒体の届きやすさ（叩き台 v0.1）
A2: 作成：クラウドネイチャー 2026年10月
A4: ■ 考え方
A5: 1. 媒体の流行は「媒体の利用率」シートの数字で持ちます。ルールには書き込まず、毎年最新の統計に入れ替えます。新しい媒体が流行れば、行を追加するだけです。
A6: 2. ペルソナごとの届きやすさ＝そのペルソナの年代での利用率 ×（その年代での利用率 ÷ 全年代の利用率）。よく使われていて、しかもそのペルソナに偏っている媒体ほど高くなります。
A7: 利用率だけで比べると、LINE・YouTubeが全ペルソナで上位になり、差が出ないためです。
A8: 3. BRUMBY様の広告実績（反響の記録シート）がたまると、問い合わせ1件あたりの費用から「反響係数」が自動で決まり、効く媒体に配分が寄ります。
A9: 4. 配分は、届きやすさの上位5媒体（変更可）で比率をとります。予算の総額は、物件の売れやすさから別途提案します。
A11: ■ 今の結果（実績なしの初期値）
A12: A 若い夫婦：Instagram 21%・YouTube 21%・LINE 19%・TikTok 14%・ポータル 12%・Google検索 12%（5位が同点のため6媒体）
A13: B 小中学生のいる家族：YouTube 24%・LINE 24%・Instagram 22%・ポータル 15%・Google検索 15%
A14: C 50代の住み替え：LINE 26%・YouTube 24%・ポータル 18%・Google検索 18%・Instagram 15%
... A20: ・「形式の例」はAIが広告案（例：Instagramのリール動画の構成）を作るときの材料です。

Sheet 配分
A1: 配分に使う媒体の数（上位） | C1: 5
A2: 届きやすさ＝ペルソナでの利用率 ×（ペルソナでの利用率 ÷ 全年代の利用率）× 反響係数。よく使われていて、しかもそのペルソナに多い媒体ほど高くなります。
A4: 媒体 | B4: A 届きやすさ | C4: B 届きやすさ | D4: C 届きやすさ | E4: D 届きやすさ | F4: E 届きやすさ | G4: F 届きやすさ | I4: A 配分 | J4: B 配分 | K4: C 配分 | L4: D 配分 | M4: E 配分 | N4: F 配分
A5: =媒体!A2 -> Instagram広告 | B5: =IF(媒体!$E$2<>"〇",0,IF(媒体!$B$2="",媒体!$C$2,SUMPRODUCT(ペルソナの年代!$C$2:$H$2,INDEX(媒体の利用率!$B$2:$G$9,MATCH(媒体!$B$2,媒体の利用率!$A$2:$A$9,0),0))^2/INDEX(媒体の利用率!$H$2:$H$9,MATCH(媒体!$B$2,媒体の利用率!$A$2:$A$9,0)))*媒体!$D$2) -> 113.88686 | C5: =IF(媒体!$E$2<>"〇",0,IF(媒体!$B$2="",媒体!$C$2,SUMPRODUCT(ペルソナの年代!$C$3:$H$3,INDEX(媒体の利用率!$B$2:$G$9,MATCH(媒体!$B$2,媒体の利用率!$A$2:$A$9,0),0))^2/INDEX(媒体の利用率!$H$2:$H$9,MATCH(媒体!$B$2,媒体の利用率!$A$2:$A$9,0)))*媒体!$D$2) -> 94.20479 | D5: =IF(媒体!$E$2<>"〇",0,IF(媒体!$B$2="",媒体!$C$2,SUMPRODUCT(ペルソナの年代!$C$4:$H$4,INDEX(媒体の利用率!$B$2:$G$9,MATCH(媒体!$B$2,媒体の利用率!$A$2:$A$9,0),0))^2/INDEX(媒体の利用率!$H$2:$H$9,MATCH(媒体!$B$2,媒体の利用率!$A$2:$A$9,0)))*媒体!$D$2) -> 54.00292 | E5: =IF(媒体!$E$2<>"〇",0,IF(媒体!$B$2="",媒体!$C$2,SUMPRODUCT(ペルソナの年代!$C$5:$H$5,INDEX(媒体の利用率!$B$2:$G$9,MATCH(媒体!$B$2,媒体の利用率!$A$2:$A$9,0),0))^2/INDEX(媒体の利用率!$H$2:$H$9,MATCH(媒体!$B$2,媒体の利用率!$A$2:$A$9,0)))*媒体!$D$2) -> 16.434308 | F5: =IF(媒体!$E$2<>"〇",0,IF(媒体!$B$2="",媒体!$C$2,SUMPRODUCT(ペルソナの年代!$C$6:$H$6,INDEX(媒体の利用率!$B$2:$G$9,MATCH(媒体!$B$2,媒体の利用率!$A$2:$A$9,0),0))^2/INDEX(媒体の利用率!$H$2:$H$9,MATCH(媒体!$B$2,媒体の利用率!$A$2:$A$9,0)))*媒体!$D$2) -> 104.15698 | G5: =IF(媒体!$E$2<>"〇",0,IF(媒体!$B$2="",媒体!$C$2,SUMPRODUCT(ペルソナの年代!$C$7:$H$7,INDEX(媒体の利用率!$B$2:$G$9,MATCH(媒体!$B$2,媒体の利用率!$A$2:$A$9,0),0))^2/INDEX(媒体の利用率!$H$2:$H$9,MATCH(媒体!$B$2,媒体の利用率!$A$2:$A$9,0)))*媒体!$D$2) -> 79.826635 | I5: =IF(B5>=LARGE(B$5:B$15,$C$1),B5/SUMPRODUCT((B$5:B$15>=LARGE(B$5:B$15,$C$1))*B$5:B$15),0) -> 0.21452418 | J5: =IF(C5>=LARGE(C$5:C$15,$C$1),C5/SUMPRODUCT((C$5:C$15>=LARGE(C$5:C$15,$C$1))*C$5:C$15),0) -> 0.21752523 | K5: =IF(D5>=LARGE(D$5:D$15,$C$1),D5/SUMPRODUCT((D$5:D$15>=LARGE(D$5:D$15,$C$1))*D$5:D$15),0) -> 0.14508208 | L5: =IF(E5>=LARGE(E$5:E$15,$C$1),E5/SUMPRODUCT((E$5:E$15>=LARGE(E$5:E$15,$C$1))*E$5:E$15),0) -> 0 | M5: =IF(F5>=LARGE(F$5:F$15,$C$1),F5/SUMPRODUCT((F$5:F$15>=LARGE(F$5:F$15,$C$1))*F$5:F$15),0) -> 0.20349352 | N5: =IF(G5>=LARGE(G$5:G$15,$C$1),G5/SUMPRODUCT((G$5:G$15>=LARGE(G$5:G$15,$C$1))*G$5:G$15),0) -> 0.1937852
A6: =媒体!A3 -> TikTok広告 | B6: =IF(媒体!$E$3<>"〇",0,IF(媒体!$B$3="",媒体!$C$3,SUMPRODUCT(ペルソナの年代!$C$2:$H$2,INDEX(媒体の利用率!$B$2:$G$9,MATCH(媒体!$B$3,媒体の利用率!$A$2:$A$9,0),0))^2/INDEX(媒体の利用率!$H$2:$H$9,MATCH(媒体!$B$3,媒体の利用率!$A$2:$A$9,0)))*媒体!$D$3) -> 72.044044 | C6: =IF(媒体!$E$3<>"〇",0,IF(媒体!$B$3="",媒体!$C$3,SUMPRODUCT(ペルソナの年代!$C$3:$H$3,INDEX(媒体の利用率!$B$2:$G$9,MATCH(媒体!$B$3,媒体の利用率!$A$2:$A$9,0),0))^2/INDEX(媒体の利用率!$H$2:$H$9,MATCH(媒体!$B$3,媒体の利用率!$A$2:$A$9,0)))*媒体!$D$3) -> 51.916144 | D6: =IF(媒体!$E$3<>"〇",0,IF(媒体!$B$3="",媒体!$C$3,SUMPRODUCT(ペルソナの年代!$C$4:$H$4,INDEX(媒体の利用率!$B$2:$G$9,MATCH(媒体!$B$3,媒体の利用率!$A$2:$A$9,0),0))^2/INDEX(媒体の利用率!$H$2:$H$9,MATCH(媒体!$B$3,媒体の利用率!$A$2:$A$9,0)))*媒体!$D$3) -> 28.251771 | E6: =IF(媒体!$E$3<>"〇",0,IF(媒体!$B$3="",媒体!$C$3,SUMPRODUCT(ペルソナの年代!$C$5:$H$5,INDEX(媒体の利用率!$B$2:$G$9,MATCH(媒体!$B$3,媒体の利用率!$A$2:$A$9,0),0))^2/INDEX(媒体の利用率!$H$2:$H$9,MATCH(媒体!$B$3,媒体の利用率!$A$2:$A$9,0)))*媒体!$D$3) -> 8.9958828 | F6: =IF(媒体!$E$3<>"〇",0,IF(媒体!$B$3="",媒体!$C$3,SUMPRODUCT(ペルソナの年代!$C$6:$H$6,INDEX(媒体の利用率!$B$2:$G$9,MATCH(媒体!$B$3,媒体の利用率!$A$2:$A$9,0),0))^2/INDEX(媒体の利用率!$H$2:$H$9,MATCH(媒体!$B$3,媒体の利用率!$A$2:$A$9,0)))*媒体!$D$3) -> 65.716406 | G6: =IF(媒体!$E$3<>"〇",0,IF(媒体!$B$3="",媒体!$C$3,SUMPRODUCT(ペルソナの年代!$C$7:$H$7,INDEX(媒体の利用率!$B$2:$G$9,MATCH(媒体!$B$3,媒体の利用率!$A$2:$A$9,0),0))^2/INDEX(媒体の利用率!$H$2:$H$9,MATCH(媒体!$B$3,媒体の利用率!$A$2:$A$9,0)))*媒体!$D$3) -> 43.836842 | I6: =IF(B6>=LARGE(B$5:B$15,$C$1),B6/SUMPRODUCT((B$5:B$15>=LARGE(B$5:B$15,$C$1))*B$5:B$15),0) -> 0.13570652 | J6: =IF(C6>=LARGE(C$5:C$15,$C$1),C6/SUMPRODUCT((C$5:C$15>=LARGE(C$5:C$15,$C$1))*C$5:C$15),0) -> 0 | K6: =IF(D6>=LARGE(D$5:D$15,$C$1),D6/SUMPRODUCT((D$5:D$15>=LARGE(D$5:D$15,$C$1))*D$5:D$15),0) -> 0 | L6: =IF(E6>=LARGE(E$5:E$15,$C$1),E6/SUMPRODUCT((E$5:E$15>=LARGE(E$5:E$15,$C$1))*E$5:E$15),0) -> 0 | M6: =IF(F6>=LARGE(F$5:F$15,$C$1),F6/SUMPRODUCT((F$5:F$15>=LARGE(F$5:F$15,$C$1))*F$5:F$15),0) -> 0.12839142 | N6: =IF(G6>=LARGE(G$5:G$15,$C$1),G6/SUMPRODUCT((G$5:G$15>=LARGE(G$5:G$15,$C$1))*G$5:G$15),0) -> 0
A7: =媒体!A4 -> YouTube広告 | B7: =IF(媒体!$E$4<>"〇",0,IF(媒体!$B$4="",媒体!$C$4,SUMPRODUCT(ペルソナの年代!$C$2:$H$2,INDEX(媒体の利用率!$B$2:$G$9,MATCH(媒体!$B$4,媒体の利用率!$A$2:$A$9,0),0))^2/INDEX(媒体の利用率!$H$2:$H$9,MATCH(媒体!$B$4,媒体の利用率!$A$2:$A$9,0)))*媒体!$D$4) -> 110.54977 | C7: =IF(媒体!$E$4<>"〇",0,IF(媒体!$B$4="",媒体!$C$4,SUMPRODUCT(ペルソナの年代!$C$3:$H$3,INDEX(媒体の利用率!$B$2:$G$9,MATCH(媒体!$B$4,媒体の利用率!$A$2:$A$9,0),0))^2/INDEX(媒体の利用率!$H$2:$H$9,MATCH(媒体!$B$4,媒体の利用率!$A$2:$A$9,0)))*媒体!$D$4) -> 105.66675 | D7: =IF(媒体!$E$4<>"〇",0,IF(媒体!$B$4="",媒体!$C$4,SUMPRODUCT(ペルソナの年代!$C$4:$H$4,INDEX(媒体の利用率!$B$2:$G$9,MATCH(媒体!$B$4,媒体の利用率!$A$2:$A$9,0),0))^2/INDEX(媒体の利用率!$H$2:$H$9,MATCH(媒体!$B$4,媒体の利用率!$A$2:$A$9,0)))*媒体!$D$4) -> 88.44184 | E7: =IF(媒体!$E$4<>"〇",0,IF(媒体!$B$4="",媒体!$C$4,SUMPRODUCT(ペルソナの年代!$C$5:$H$5,INDEX(媒体の利用率!$B$2:$G$9,MATCH(媒体!$B$4,媒体の利用率!$A$2:$A$9,0),0))^2/INDEX(媒体の利用率!$H$2:$H$9,MATCH(媒体!$B$4,媒体の利用率!$A$2:$A$9,0)))*媒体!$D$4) -> 52.432355 | F7: =IF(媒体!$E$4<>"〇",0,IF(媒体!$B$4="",媒体!$C$4,SUMPRODUCT(ペルソナの年代!$C$6:$H$6,INDEX(媒体の利用率!$B$2:$G$9,MATCH(媒体!$B$4,媒体の利用率!$A$2:$A$9,0),0))^2/INDEX(媒体の利用率!$H$2:$H$9,MATCH(媒体!$B$4,媒体の利用率!$A$2:$A$9,0)))*媒体!$D$4) -> 108.34799 | G7: =IF(媒体!$E$4<>"〇",0,IF(媒体!$B$4="",媒体!$C$4,SUMPRODUCT(ペルソナの年代!$C$7:$H$7,INDEX(媒体の利用率!$B$2:$G$9,MATCH(媒体!$B$4,媒体の利用率!$A$2:$A$9,0),0))^2/INDEX(媒体の利用率!$H$2:$H$9,MATCH(媒体!$B$4,媒体の利用率!$A$2:$A$9,0)))*媒体!$D$4) -> 100.07234 | I7: =IF(B7>=LARGE(B$5:B$15,$C$1),B7/SUMPRODUCT((B$5:B$15>=LARGE(B$5:B$15,$C$1))*B$5:B$15),0) -> 0.20823823 | J7: =IF(C7>=LARGE(C$5:C$15,$C$1),C7/SUMPRODUCT((C$5:C$15>=LARGE(C$5:C$15,$C$1))*C$5:C$15),0) -> 0.24399167 | K7: =IF(D7>=LARGE(D$5:D$15,$C$1),D7/SUMPRODUCT((D$5:D$15>=LARGE(D$5:D$15,$C$1))*D$5:D$15),0) -> 0.2376043 | L7: =IF(E7>=LARGE(E$5:E$15,$C$1),E7/SUMPRODUCT((E$5:E$15>=LARGE(E$5:E$15,$C$1))*E$5:E$15),0) -> 0.14987882 | M7: =IF(F7>=LARGE(F$5:F$15,$C$1),F7/SUMPRODUCT((F$5:F$15>=LARGE(F$5:F$15,$C$1))*F$5:F$15),0) -> 0.21168157 | N7: =IF(G7>=LARGE(G$5:G$15,$C$1),G7/SUMPRODUCT((G$5:G$15>=LARGE(G$5:G$15,$C$1))*G$5:G$15),0) -> 0.24293319
A8: =媒体!A5 -> LINE広告 | B8: =IF(媒体!$E$5<>"〇",0,IF(媒体!$B$5="",媒体!$C$5,SUMPRODUCT(ペルソナの年代!$C$2:$H$2,INDEX(媒体の利用率!$B$2:$G$9,MATCH(媒体!$B$5,媒体の利用率!$A$2:$A$9,0),0))^2/INDEX(媒体の利用率!$H$2:$H$9,MATCH(媒体!$B$5,媒体の利用率!$A$2:$A$9,0)))*媒体!$D$5) -> 103.00056 | C8: =IF(媒体!$E$5<>"〇",0,IF(媒体!$B$5="",媒体!$C$5,SUMPRODUCT(ペルソナの年代!$C$3:$H$3,INDEX(媒体の利用率!$B$2:$G$9,MATCH(媒体!$B$5,媒体の利用率!$A$2:$A$9,0),0))^2/INDEX(媒体の利用率!$H$2:$H$9,MATCH(媒体!$B$5,媒体の利用率!$A$2:$A$9,0)))*媒体!$D$5) -> 101.80369 | D8: =IF(媒体!$E$5<>"〇",0,IF(媒体!$B$5="",媒体!$C$5,SUMPRODUCT(ペルソナの年代!$C$4:$H$4,INDEX(媒体の利用率!$B$2:$G$9,MATCH(媒体!$B$5,媒体の利用率!$A$2:$A$9,0),0))^2/INDEX(媒体の利用率!$H$2:$H$9,MATCH(媒体!$B$5,媒体の利用率!$A$2:$A$9,0)))*媒体!$D$5) -> 98.378471 | E8: =IF(媒体!$E$5<>"〇",0,IF(媒体!$B$5="",媒体!$C$5,SUMPRODUCT(ペルソナの年代!$C$5:$H$5,INDEX(媒体の利用率!$B$2:$G$9,MATCH(媒体!$B$5,媒体の利用率!$A$2:$A$9,0),0))^2/INDEX(媒体の利用率!$H$2:$H$9,MATCH(媒体!$B$5,媒体の利用率!$A$2:$A$9,0)))*媒体!$D$5) -> 82.866605 | F8: =IF(媒体!$E$5<>"〇",0,IF(媒体!$B$5="",媒体!$C$5,SUMPRODUCT(ペルソナの年代!$C$6:$H$6,INDEX(媒体の利用率!$B$2:$G$9,MATCH(媒体!$B$5,媒体の利用率!$A$2:$A$9,0),0))^2/INDEX(媒体の利用率!$H$2:$H$9,MATCH(媒体!$B$5,媒体の利用率!$A$2:$A$9,0)))*媒体!$D$5) -> 102.22285 | G8: =IF(媒体!$E$5<>"〇",0,IF(媒体!$B$5="",媒体!$C$5,SUMPRODUCT(ペルソナの年代!$C$7:$H$7,INDEX(媒体の利用率!$B$2:$G$9,MATCH(媒体!$B$5,媒体の利用率!$A$2:$A$9,0),0))^2/INDEX(媒体の利用率!$H$2:$H$9,MATCH(媒体!$B$5,媒体の利用率!$A$2:$A$9,0)))*媒体!$D$5) -> 100.63462 | I8: =IF(B8>=LARGE(B$5:B$15,$C$1),B8/SUMPRODUCT((B$5:B$15>=LARGE(B$5:B$15,$C$1))*B$5:B$15),0) -> 0.19401809 | J8: =IF(C8>=LARGE(C$5:C$15,$C$1),C8/SUMPRODUCT((C$5:C$15>=LARGE(C$5:C$15,$C$1))*C$5:C$15),0) -> 0.2350716 | K8: =IF(D8>=LARGE(D$5:D$15,$C$1),D8/SUMPRODUCT((D$5:D$15>=LARGE(D$5:D$15,$C$1))*D$5:D$15),0) -> 0.26429965 | L8: =IF(E8>=LARGE(E$5:E$15,$C$1),E8/SUMPRODUCT((E$5:E$15>=LARGE(E$5:E$15,$C$1))*E$5:E$15),0) -> 0.23687566 | M8: =IF(F8>=LARGE(F$5:F$15,$C$1),F8/SUMPRODUCT((F$5:F$15>=LARGE(F$5:F$15,$C$1))*F$5:F$15),0) -> 0.19971476 | N8: =IF(G8>=LARGE(G$5:G$15,$C$1),G8/SUMPRODUCT((G$5:G$15>=LARGE(G$5:G$15,$C$1))*G$5:G$15),0) -> 0.24429816
A9: =媒体!A6 -> Facebook広告 | B9: =IF(媒体!$E$6<>"〇",0,IF(媒体!$B$6="",媒体!$C$6,SUMPRODUCT(ペルソナの年代!$C$2:$H$2,INDEX(媒体の利用率!$B$2:$G$9,MATCH(媒体!$B$6,媒体の利用率!$A$2:$A$9,0),0))^2/INDEX(媒体の利用率!$H$2:$H$9,MATCH(媒体!$B$6,媒体の利用率!$A$2:$A$9,0)))*媒体!$D$6) -> 37.453333 | C9: =IF(媒体!$E$6<>"〇",0,IF(媒体!$B$6="",媒体!$C$6,SUMPRODUCT(ペルソナの年代!$C$3:$H$3,INDEX(媒体の利用率!$B$2:$G$9,MATCH(媒体!$B$6,媒体の利用率!$A$2:$A$9,0),0))^2/INDEX(媒体の利用率!$H$2:$H$9,MATCH(媒体!$B$6,媒体の利用率!$A$2:$A$9,0)))*媒体!$D$6) -> 53.904537 | D9: =IF(媒体!$E$6<>"〇",0,IF(媒体!$B$6="",媒体!$C$6,SUMPRODUCT(ペルソナの年代!$C$4:$H$4,INDEX(媒体の利用率!$B$2:$G$9,MATCH(媒体!$B$6,媒体の利用率!$A$2:$A$9,0),0))^2/INDEX(媒体の利用率!$H$2:$H$9,MATCH(媒体!$B$6,媒体の利用率!$A$2:$A$9,0)))*媒体!$D$6) -> 40.578148 | E9: =IF(媒体!$E$6<>"〇",0,IF(媒体!$B$6="",媒体!$C$6,SUMPRODUCT(ペルソナの年代!$C$5:$H$5,INDEX(媒体の利用率!$B$2:$G$9,MATCH(媒体!$B$6,媒体の利用率!$A$2:$A$9,0),0))^2/INDEX(媒体の利用率!$H$2:$H$9,MATCH(媒体!$B$6,媒体の利用率!$A$2:$A$9,0)))*媒体!$D$6) -> 14.184626 | F9: =IF(媒体!$E$6<>"〇",0,IF(媒体!$B$6="",媒体!$C$6,SUMPRODUCT(ペルソナの年代!$C$6:$H$6,INDEX(媒体の利用率!$B$2:$G$9,MATCH(媒体!$B$6,媒体の利用率!$A$2:$A$9,0),0))^2/INDEX(媒体の利用率!$H$2:$H$9,MATCH(媒体!$B$6,媒体の利用率!$A$2:$A$9,0)))*媒体!$D$6) -> 41.93787 | G9: =IF(媒体!$E$6<>"〇",0,IF(媒体!$B$6="",媒体!$C$6,SUMPRODUCT(ペルソナの年代!$C$7:$H$7,INDEX(媒体の利用率!$B$2:$G$9,MATCH(媒体!$B$6,媒体の利用率!$A$2:$A$9,0),0))^2/INDEX(媒体の利用率!$H$2:$H$9,MATCH(媒体!$B$6,媒体の利用率!$A$2:$A$9,0)))*媒体!$D$6) -> 49.912004 | I9: =IF(B9>=LARGE(B$5:B$15,$C$1),B9/SUMPRODUCT((B$5:B$15>=LARGE(B$5:B$15,$C$1))*B$5:B$15),0) -> 0 | J9: =IF(C9>=LARGE(C$5:C$15,$C$1),C9/SUMPRODUCT((C$5:C$15>=LARGE(C$5:C$15,$C$1))*C$5:C$15),0) -> 0 | K9: =IF(D9>=LARGE(D$5:D$15,$C$1),D9/SUMPRODUCT((D$5:D$15>=LARGE(D$5:D$15,$C$1))*D$5:D$15),0) -> 0 | L9: =IF(E9>=LARGE(E$5:E$15,$C$1),E9/SUMPRODUCT((E$5:E$15>=LARGE(E$5:E$15,$C$1))*E$5:E$15),0) -> 0 | M9: =IF(F9>=LARGE(F$5:F$15,$C$1),F9/SUMPRODUCT((F$5:F$15>=LARGE(F$5:F$15,$C$1))*F$5:F$15),0) -> 0 | N9: =IF(G9>=LARGE(G$5:G$15,$C$1),G9/SUMPRODUCT((G$5:G$15>=LARGE(G$5:G$15,$C$1))*G$5:G$15),0) -> 0
A10: =媒体!A7 -> ポータル掲載 | B10: =IF(媒体!$E$7<>"〇",0,IF(媒体!$B$7="",媒体!$C$7,SUMPRODUCT(ペルソナの年代!$C$2:$H$2,INDEX(媒体の利用率!$B$2:$G$9,MATCH(媒体!$B$7,媒体の利用率!$A$2:$A$9,0),0))^2/INDEX(媒体の利用率!$H$2:$H$9,MATCH(媒体!$B$7,媒体の利用率!$A$2:$A$9,0)))*媒体!$D$7) -> 65.7 | C10: =IF(媒体!$E$7<>"〇",0,IF(媒体!$B$7="",媒体!$C$7,SUMPRODUCT(ペルソナの年代!$C$3:$H$3,INDEX(媒体の利用率!$B$2:$G$9,MATCH(媒体!$B$7,媒体の利用率!$A$2:$A$9,0),0))^2/INDEX(媒体の利用率!$H$2:$H$9,MATCH(媒体!$B$7,媒体の利用率!$A$2:$A$9,0)))*媒体!$D$7) -> 65.7 | D10: =IF(媒体!$E$7<>"〇",0,IF(媒体!$B$7="",媒体!$C$7,SUMPRODUCT(ペルソナの年代!$C$4:$H$4,INDEX(媒体の利用率!$B$2:$G$9,MATCH(媒体!$B$7,媒体の利用率!$A$2:$A$9,0),0))^2/INDEX(媒体の利用率!$H$2:$H$9,MATCH(媒体!$B$7,媒体の利用率!$A$2:$A$9,0)))*媒体!$D$7) -> 65.7 | E10: =IF(媒体!$E$7<>"〇",0,IF(媒体!$B$7="",媒体!$C$7,SUMPRODUCT(ペルソナの年代!$C$5:$H$5,INDEX(媒体の利用率!$B$2:$G$9,MATCH(媒体!$B$7,媒体の利用率!$A$2:$A$9,0),0))^2/INDEX(媒体の利用率!$H$2:$H$9,MATCH(媒体!$B$7,媒体の利用率!$A$2:$A$9,0)))*媒体!$D$7) -> 65.7 | F10: =IF(媒体!$E$7<>"〇",0,IF(媒体!$B$7="",媒体!$C$7,SUMPRODUCT(ペルソナの年代!$C$6:$H$6,INDEX(媒体の利用率!$B$2:$G$9,MATCH(媒体!$B$7,媒体の利用率!$A$2:$A$9,0),0))^2/INDEX(媒体の利用率!$H$2:$H$9,MATCH(媒体!$B$7,媒体の利用率!$A$2:$A$9,0)))*媒体!$D$7) -> 65.7 | G10: =IF(媒体!$E$7<>"〇",0,IF(媒体!$B$7="",媒体!$C$7,SUMPRODUCT(ペルソナの年代!$C$7:$H$7,INDEX(媒体の利用率!$B$2:$G$9,MATCH(媒体!$B$7,媒体の利用率!$A$2:$A$9,0),0))^2/INDEX(媒体の利用率!$H$2:$H$9,MATCH(媒体!$B$7,媒体の利用率!$A$2:$A$9,0)))*媒体!$D$7) -> 65.7 | I10: =IF(B10>=LARGE(B$5:B$15,$C$1),B10/SUMPRODUCT((B$5:B$15>=LARGE(B$5:B$15,$C$1))*B$5:B$15),0) -> 0.12375649 | J10: =IF(C10>=LARGE(C$5:C$15,$C$1),C10/SUMPRODUCT((C$5:C$15>=LARGE(C$5:C$15,$C$1))*C$5:C$15),0) -> 0.15170575 | K10: =IF(D10>=LARGE(D$5:D$15,$C$1),D10/SUMPRODUCT((D$5:D$15>=LARGE(D$5:D$15,$C$1))*D$5:D$15),0) -> 0.17650698 | L10: =IF(E10>=LARGE(E$5:E$15,$C$1),E10/SUMPRODUCT((E$5:E$15>=LARGE(E$5:E$15,$C$1))*E$5:E$15),0) -> 0.18780462 | M10: =IF(F10>=LARGE(F$5:F$15,$C$1),F10/SUMPRODUCT((F$5:F$15>=LARGE(F$5:F$15,$C$1))*F$5:F$15),0) -> 0.12835937 | N10: =IF(G10>=LARGE(G$5:G$15,$C$1),G10/SUMPRODUCT((G$5:G$15>=LARGE(G$5:G$15,$C$1))*G$5:G$15),0) -> 0.15949172
A11: =媒体!A8 -> Google検索広告 | B11: =IF(媒体!$E$8<>"〇",0,IF(媒体!$B$8="",媒体!$C$8,SUMPRODUCT(ペルソナの年代!$C$2:$H$2,INDEX(媒体の利用率!$B$2:$G$9,MATCH(媒体!$B$8,媒体の利用率!$A$2:$A$9,0),0))^2/INDEX(媒体の利用率!$H$2:$H$9,MATCH(媒体!$B$8,媒体の利用率!$A$2:$A$9,0)))*媒体!$D$8) -> 65.7 | C11: =IF(媒体!$E$8<>"〇",0,IF(媒体!$B$8="",媒体!$C$8,SUMPRODUCT(ペルソナの年代!$C$3:$H$3,INDEX(媒体の利用率!$B$2:$G$9,MATCH(媒体!$B$8,媒体の利用率!$A$2:$A$9,0),0))^2/INDEX(媒体の利用率!$H$2:$H$9,MATCH(媒体!$B$8,媒体の利用率!$A$2:$A$9,0)))*媒体!$D$8) -> 65.7 | D11: =IF(媒体!$E$8<>"〇",0,IF(媒体!$B$8="",媒体!$C$8,SUMPRODUCT(ペルソナの年代!$C$4:$H$4,INDEX(媒体の利用率!$B$2:$G$9,MATCH(媒体!$B$8,媒体の利用率!$A$2:$A$9,0),0))^2/INDEX(媒体の利用率!$H$2:$H$9,MATCH(媒体!$B$8,媒体の利用率!$A$2:$A$9,0)))*媒体!$D$8) -> 65.7 | E11: =IF(媒体!$E$8<>"〇",0,IF(媒体!$B$8="",媒体!$C$8,SUMPRODUCT(ペルソナの年代!$C$5:$H$5,INDEX(媒体の利用率!$B$2:$G$9,MATCH(媒体!$B$8,媒体の利用率!$A$2:$A$9,0),0))^2/INDEX(媒体の利用率!$H$2:$H$9,MATCH(媒体!$B$8,媒体の利用率!$A$2:$A$9,0)))*媒体!$D$8) -> 65.7 | F11: =IF(媒体!$E$8<>"〇",0,IF(媒体!$B$8="",媒体!$C$8,SUMPRODUCT(ペルソナの年代!$C$6:$H$6,INDEX(媒体の利用率!$B$2:$G$9,MATCH(媒体!$B$8,媒体の利用率!$A$2:$A$9,0),0))^2/INDEX(媒体の利用率!$H$2:$H$9,MATCH(媒体!$B$8,媒体の利用率!$A$2:$A$9,0)))*媒体!$D$8) -> 65.7 | G11: =IF(媒体!$E$8<>"〇",0,IF(媒体!$B$8="",媒体!$C$8,SUMPRODUCT(ペルソナの年代!$C$7:$H$7,INDEX(媒体の利用率!$B$2:$G$9,MATCH(媒体!$B$8,媒体の利用率!$A$2:$A$9,0),0))^2/INDEX(媒体の利用率!$H$2:$H$9,MATCH(媒体!$B$8,媒体の利用率!$A$2:$A$9,0)))*媒体!$D$8) -> 65.7 | I11: =IF(B11>=LARGE(B$5:B$15,$C$1),B11/SUMPRODUCT((B$5:B$15>=LARGE(B$5:B$15,$C$1))*B$5:B$15),0) -> 0.12375649 | J11: =IF(C11>=LARGE(C$5:C$15,$C$1),C11/SUMPRODUCT((C$5:C$15>=LARGE(C$5:C$15,$C$1))*C$5:C$15),0) -> 0.15170575 | K11: =IF(D11>=LARGE(D$5:D$15,$C$1),D11/SUMPRODUCT((D$5:D$15>=LARGE(D$5:D$15,$C$1))*D$5:D$15),0) -> 0.17650698 | L11: =IF(E11>=LARGE(E$5:E$15,$C$1),E11/SUMPRODUCT((E$5:E$15>=LARGE(E$5:E$15,$C$1))*E$5:E$15),0) -> 0.18780462 | M11: =IF(F11>=LARGE(F$5:F$15,$C$1),F11/SUMPRODUCT((F$5:F$15>=LARGE(F$5:F$15,$C$1))*F$5:F$15),0) -> 0.12835937 | N11: =IF(G11>=LARGE(G$5:G$15,$C$1),G11/SUMPRODUCT((G$5:G$15>=LARGE(G$5:G$15,$C$1))*G$5:G$15),0) -> 0.15949172
A12: =媒体!A9 -> 新聞折込 | B12: =IF(媒体!$E$9<>"〇",0,IF(媒体!$B$9="",媒体!$C$9,SUMPRODUCT(ペルソナの年代!$C$2:$H$2,INDEX(媒体の利用率!$B$2:$G$9,MATCH(媒体!$B$9,媒体の利用率!$A$2:$A$9,0),0))^2/INDEX(媒体の利用率!$H$2:$H$9,MATCH(媒体!$B$9,媒体の利用率!$A$2:$A$9,0)))*媒体!$D$9) -> 0.27951174 | C12: =IF(媒体!$E$9<>"〇",0,IF(媒体!$B$9="",媒体!$C$9,SUMPRODUCT(ペルソナの年代!$C$3:$H$3,INDEX(媒体の利用率!$B$2:$G$9,MATCH(媒体!$B$9,媒体の利用率!$A$2:$A$9,0),0))^2/INDEX(媒体の利用率!$H$2:$H$9,MATCH(媒体!$B$9,媒体の利用率!$A$2:$A$9,0)))*媒体!$D$9) -> 2.2029343 | D12: =IF(媒体!$E$9<>"〇",0,IF(媒体!$B$9="",媒体!$C$9,SUMPRODUCT(ペルソナの年代!$C$4:$H$4,INDEX(媒体の利用率!$B$2:$G$9,MATCH(媒体!$B$9,媒体の利用率!$A$2:$A$9,0),0))^2/INDEX(媒体の利用率!$H$2:$H$9,MATCH(媒体!$B$9,媒体の利用率!$A$2:$A$9,0)))*媒体!$D$9) -> 30.289202 | E12: =IF(媒体!$E$9<>"〇",0,IF(媒体!$B$9="",媒体!$C$9,SUMPRODUCT(ペルソナの年代!$C$5:$H$5,INDEX(媒体の利用率!$B$2:$G$9,MATCH(媒体!$B$9,媒体の利用率!$A$2:$A$9,0),0))^2/INDEX(媒体の利用率!$H$2:$H$9,MATCH(媒体!$B$9,媒体の利用率!$A$2:$A$9,0)))*媒体!$D$9) -> 83.132695 | F12: =IF(媒体!$E$9<>"〇",0,IF(媒体!$B$9="",媒体!$C$9,SUMPRODUCT(ペルソナの年代!$C$6:$H$6,INDEX(媒体の利用率!$B$2:$G$9,MATCH(媒体!$B$9,媒体の利用率!$A$2:$A$9,0),0))^2/INDEX(媒体の利用率!$H$2:$H$9,MATCH(媒体!$B$9,媒体の利用率!$A$2:$A$9,0)))*媒体!$D$9) -> 1.1226338 | G12: =IF(媒体!$E$9<>"〇",0,IF(媒体!$B$9="",媒体!$C$9,SUMPRODUCT(ペルソナの年代!$C$7:$H$7,INDEX(媒体の利用率!$B$2:$G$9,MATCH(媒体!$B$9,媒体の利用率!$A$2:$A$9,0),0))^2/INDEX(媒体の利用率!$H$2:$H$9,MATCH(媒体!$B$9,媒体の利用率!$A$2:$A$9,0)))*媒体!$D$9) -> 7.6920188 | I12: =IF(B12>=LARGE(B$5:B$15,$C$1),B12/SUMPRODUCT((B$5:B$15>=LARGE(B$5:B$15,$C$1))*B$5:B$15),0) -> 0 | J12: =IF(C12>=LARGE(C$5:C$15,$C$1),C12/SUMPRODUCT((C$5:C$15>=LARGE(C$5:C$15,$C$1))*C$5:C$15),0) -> 0 | K12: =IF(D12>=LARGE(D$5:D$15,$C$1),D12/SUMPRODUCT((D$5:D$15>=LARGE(D$5:D$15,$C$1))*D$5:D$15),0) -> 0 | L12: =IF(E12>=LARGE(E$5:E$15,$C$1),E12/SUMPRODUCT((E$5:E$15>=LARGE(E$5:E$15,$C$1))*E$5:E$15),0) -> 0.23763629 | M12: =IF(F12>=LARGE(F$5:F$15,$C$1),F12/SUMPRODUCT((F$5:F$15>=LARGE(F$5:F$15,$C$1))*F$5:F$15),0) -> 0 | N12: =IF(G12>=LARGE(G$5:G$15,$C$1),G12/SUMPRODUCT((G$5:G$15>=LARGE(G$5:G$15,$C$1))*G$5:G$15),0) -> 0
A13: =媒体!A10 -> ポスティング | B13: =IF(媒体!$E$10<>"〇",0,IF(媒体!$B$10="",媒体!$C$10,SUMPRODUCT(ペルソナの年代!$C$2:$H$2,INDEX(媒体の利用率!$B$2:$G$9,MATCH(媒体!$B$10,媒体の利用率!$A$2:$A$9,0),0))^2/INDEX(媒体の利用率!$H$2:$H$9,MATCH(媒体!$B$10,媒体の利用率!$A$2:$A$9,0)))*媒体!$D$10) -> 20 | C13: =IF(媒体!$E$10<>"〇",0,IF(媒体!$B$10="",媒体!$C$10,SUMPRODUCT(ペルソナの年代!$C$3:$H$3,INDEX(媒体の利用率!$B$2:$G$9,MATCH(媒体!$B$10,媒体の利用率!$A$2:$A$9,0),0))^2/INDEX(媒体の利用率!$H$2:$H$9,MATCH(媒体!$B$10,媒体の利用率!$A$2:$A$9,0)))*媒体!$D$10) -> 20 | D13: =IF(媒体!$E$10<>"〇",0,IF(媒体!$B$10="",媒体!$C$10,SUMPRODUCT(ペルソナの年代!$C$4:$H$4,INDEX(媒体の利用率!$B$2:$G$9,MATCH(媒体!$B$10,媒体の利用率!$A$2:$A$9,0),0))^2/INDEX(媒体の利用率!$H$2:$H$9,MATCH(媒体!$B$10,媒体の利用率!$A$2:$A$9,0)))*媒体!$D$10) -> 20 | E13: =IF(媒体!$E$10<>"〇",0,IF(媒体!$B$10="",媒体!$C$10,SUMPRODUCT(ペルソナの年代!$C$5:$H$5,INDEX(媒体の利用率!$B$2:$G$9,MATCH(媒体!$B$10,媒体の利用率!$A$2:$A$9,0),0))^2/INDEX(媒体の利用率!$H$2:$H$9,MATCH(媒体!$B$10,媒体の利用率!$A$2:$A$9,0)))*媒体!$D$10) -> 20 | F13: =IF(媒体!$E$10<>"〇",0,IF(媒体!$B$10="",媒体!$C$10,SUMPRODUCT(ペルソナの年代!$C$6:$H$6,INDEX(媒体の利用率!$B$2:$G$9,MATCH(媒体!$B$10,媒体の利用率!$A$2:$A$9,0),0))^2/INDEX(媒体の利用率!$H$2:$H$9,MATCH(媒体!$B$10,媒体の利用率!$A$2:$A$9,0)))*媒体!$D$10) -> 20 | G13: =IF(媒体!$E$10<>"〇",0,IF(媒体!$B$10="",媒体!$C$10,SUMPRODUCT(ペルソナの年代!$C$7:$H$7,INDEX(媒体の利用率!$B$2:$G$9,MATCH(媒体!$B$10,媒体の利用率!$A$2:$A$9,0),0))^2/INDEX(媒体の利用率!$H$2:$H$9,MATCH(媒体!$B$10,媒体の利用率!$A$2:$A$9,0)))*媒体!$D$10) -> 20 | I13: =IF(B13>=LARGE(B$5:B$15,$C$1),B13/SUMPRODUCT((B$5:B$15>=LARGE(B$5:B$15,$C$1))*B$5:B$15),0) -> 0 | J13: =IF(C13>=LARGE(C$5:C$15,$C$1),C13/SUMPRODUCT((C$5:C$15>=LARGE(C$5:C$15,$C$1))*C$5:C$15),0) -> 0 | K13: =IF(D13>=LARGE(D$5:D$15,$C$1),D13/SUMPRODUCT((D$5:D$15>=LARGE(D$5:D$15,$C$1))*D$5:D$15),0) -> 0 | L13: =IF(E13>=LARGE(E$5:E$15,$C$1),E13/SUMPRODUCT((E$5:E$15>=LARGE(E$5:E$15,$C$1))*E$5:E$15),0) -> 0 | M13: =IF(F13>=LARGE(F$5:F$15,$C$1),F13/SUMPRODUCT((F$5:F$15>=LARGE(F$5:F$15,$C$1))*F$5:F$15),0) -> 0 | N13: =IF(G13>=LARGE(G$5:G$15,$C$1),G13/SUMPRODUCT((G$5:G$15>=LARGE(G$5:G$15,$C$1))*G$5:G$15),0) -> 0
A14: =媒体!A11 -> 現地看板・見学会 | B14: =IF(媒体!$E$11<>"〇",0,IF(媒体!$B$11="",媒体!$C$11,SUMPRODUCT(ペルソナの年代!$C$2:$H$2,INDEX(媒体の利用率!$B$2:$G$9,MATCH(媒体!$B$11,媒体の利用率!$A$2:$A$9,0),0))^2/INDEX(媒体の利用率!$H$2:$H$9,MATCH(媒体!$B$11,媒体の利用率!$A$2:$A$9,0)))*媒体!$D$11) -> 12.9 | C14: =IF(媒体!$E$11<>"〇",0,IF(媒体!$B$11="",媒体!$C$11,SUMPRODUCT(ペルソナの年代!$C$3:$H$3,INDEX(媒体の利用率!$B$2:$G$9,MATCH(媒体!$B$11,媒体の利用率!$A$2:$A$9,0),0))^2/INDEX(媒体の利用率!$H$2:$H$9,MATCH(媒体!$B$11,媒体の利用率!$A$2:$A$9,0)))*媒体!$D$11) -> 12.9 | D14: =IF(媒体!$E$11<>"〇",0,IF(媒体!$B$11="",媒体!$C$11,SUMPRODUCT(ペルソナの年代!$C$4:$H$4,INDEX(媒体の利用率!$B$2:$G$9,MATCH(媒体!$B$11,媒体の利用率!$A$2:$A$9,0),0))^2/INDEX(媒体の利用率!$H$2:$H$9,MATCH(媒体!$B$11,媒体の利用率!$A$2:$A$9,0)))*媒体!$D$11) -> 12.9 | E14: =IF(媒体!$E$11<>"〇",0,IF(媒体!$B$11="",媒体!$C$11,SUMPRODUCT(ペルソナの年代!$C$5:$H$5,INDEX(媒体の利用率!$B$2:$G$9,MATCH(媒体!$B$11,媒体の利用率!$A$2:$A$9,0),0))^2/INDEX(媒体の利用率!$H$2:$H$9,MATCH(媒体!$B$11,媒体の利用率!$A$2:$A$9,0)))*媒体!$D$11) -> 12.9 | F14: =IF(媒体!$E$11<>"〇",0,IF(媒体!$B$11="",媒体!$C$11,SUMPRODUCT(ペルソナの年代!$C$6:$H$6,INDEX(媒体の利用率!$B$2:$G$9,MATCH(媒体!$B$11,媒体の利用率!$A$2:$A$9,0),0))^2/INDEX(媒体の利用率!$H$2:$H$9,MATCH(媒体!$B$11,媒体の利用率!$A$2:$A$9,0)))*媒体!$D$11) -> 12.9 | G14: =IF(媒体!$E$11<>"〇",0,IF(媒体!$B$11="",媒体!$C$11,SUMPRODUCT(ペルソナの年代!$C$7:$H$7,INDEX(媒体の利用率!$B$2:$G$9,MATCH(媒体!$B$11,媒体の利用率!$A$2:$A$9,0),0))^2/INDEX(媒体の利用率!$H$2:$H$9,MATCH(媒体!$B$11,媒体の利用率!$A$2:$A$9,0)))*媒体!$D$11) -> 12.9 | I14: =IF(B14>=LARGE(B$5:B$15,$C$1),B14/SUMPRODUCT((B$5:B$15>=LARGE(B$5:B$15,$C$1))*B$5:B$15),0) -> 0 | J14: =IF(C14>=LARGE(C$5:C$15,$C$1),C14/SUMPRODUCT((C$5:C$15>=LARGE(C$5:C$15,$C$1))*C$5:C$15),0) -> 0 | K14: =IF(D14>=LARGE(D$5:D$15,$C$1),D14/SUMPRODUCT((D$5:D$15>=LARGE(D$5:D$15,$C$1))*D$5:D$15),0) -> 0 | L14: =IF(E14>=LARGE(E$5:E$15,$C$1),E14/SUMPRODUCT((E$5:E$15>=LARGE(E$5:E$15,$C$1))*E$5:E$15),0) -> 0 | M14: =IF(F14>=LARGE(F$5:F$15,$C$1),F14/SUMPRODUCT((F$5:F$15>=LARGE(F$5:F$15,$C$1))*F$5:F$15),0) -> 0 | N14: =IF(G14>=LARGE(G$5:G$15,$C$1),G14/SUMPRODUCT((G$5:G$15>=LARGE(G$5:G$15,$C$1))*G$5:G$15),0) -> 0
A15: =媒体!A12 -> 店頭・紹介 | B15: =IF(媒体!$E$12<>"〇",0,IF(媒体!$B$12="",媒体!$C$12,SUMPRODUCT(ペルソナの年代!$C$2:$H$2,INDEX(媒体の利用率!$B$2:$G$9,MATCH(媒体!$B$12,媒体の利用率!$A$2:$A$9,0),0))^2/INDEX(媒体の利用率!$H$2:$H$9,MATCH(媒体!$B$12,媒体の利用率!$A$2:$A$9,0)))*媒体!$D$12) -> 43.6 | C15: =IF(媒体!$E$12<>"〇",0,IF(媒体!$B$12="",媒体!$C$12,SUMPRODUCT(ペルソナの年代!$C$3:$H$3,INDEX(媒体の利用率!$B$2:$G$9,MATCH(媒体!$B$12,媒体の利用率!$A$2:$A$9,0),0))^2/INDEX(媒体の利用率!$H$2:$H$9,MATCH(媒体!$B$12,媒体の利用率!$A$2:$A$9,0)))*媒体!$D$12) -> 43.6 | D15: =IF(媒体!$E$12<>"〇",0,IF(媒体!$B$12="",媒体!$C$12,SUMPRODUCT(ペルソナの年代!$C$4:$H$4,INDEX(媒体の利用率!$B$2:$G$9,MATCH(媒体!$B$12,媒体の利用率!$A$2:$A$9,0),0))^2/INDEX(媒体の利用率!$H$2:$H$9,MATCH(媒体!$B$12,媒体の利用率!$A$2:$A$9,0)))*媒体!$D$12) -> 43.6 | E15: =IF(媒体!$E$12<>"〇",0,IF(媒体!$B$12="",媒体!$C$12,SUMPRODUCT(ペルソナの年代!$C$5:$H$5,INDEX(媒体の利用率!$B$2:$G$9,MATCH(媒体!$B$12,媒体の利用率!$A$2:$A$9,0),0))^2/INDEX(媒体の利用率!$H$2:$H$9,MATCH(媒体!$B$12,媒体の利用率!$A$2:$A$9,0)))*媒体!$D$12) -> 43.6 | F15: =IF(媒体!$E$12<>"〇",0,IF(媒体!$B$12="",媒体!$C$12,SUMPRODUCT(ペルソナの年代!$C$6:$H$6,INDEX(媒体の利用率!$B$2:$G$9,MATCH(媒体!$B$12,媒体の利用率!$A$2:$A$9,0),0))^2/INDEX(媒体の利用率!$H$2:$H$9,MATCH(媒体!$B$12,媒体の利用率!$A$2:$A$9,0)))*媒体!$D$12) -> 43.6 | G15: =IF(媒体!$E$12<>"〇",0,IF(媒体!$B$12="",媒体!$C$12,SUMPRODUCT(ペルソナの年代!$C$7:$H$7,INDEX(媒体の利用率!$B$2:$G$9,MATCH(媒体!$B$12,媒体の利用率!$A$2:$A$9,0),0))^2/INDEX(媒体の利用率!$H$2:$H$9,MATCH(媒体!$B$12,媒体の利用率!$A$2:$A$9,0)))*媒体!$D$12) -> 43.6 | I15: =IF(B15>=LARGE(B$5:B$15,$C$1),B15/SUMPRODUCT((B$5:B$15>=LARGE(B$5:B$15,$C$1))*B$5:B$15),0) -> 0 | J15: =IF(C15>=LARGE(C$5:C$15,$C$1),C15/SUMPRODUCT((C$5:C$15>=LARGE(C$5:C$15,$C$1))*C$5:C$15),0) -> 0 | K15: =IF(D15>=LARGE(D$5:D$15,$C$1),D15/SUMPRODUCT((D$5:D$15>=LARGE(D$5:D$15,$C$1))*D$5:D$15),0) -> 0 | L15: =IF(E15>=LARGE(E$5:E$15,$C$1),E15/SUMPRODUCT((E$5:E$15>=LARGE(E$5:E$15,$C$1))*E$5:E$15),0) -> 0 | M15: =IF(F15>=LARGE(F$5:F$15,$C$1),F15/SUMPRODUCT((F$5:F$15>=LARGE(F$5:F$15,$C$1))*F$5:F$15),0) -> 0 | N15: =IF(G15>=LARGE(G$5:G$15,$C$1),G15/SUMPRODUCT((G$5:G$15>=LARGE(G$5:G$15,$C$1))*G$5:G$15),0) -> 0
A16: 合計 | I16: =SUM(I5:I15) -> 1 | J16: =SUM(J5:J15) -> 1 | K16: =SUM(K5:K15) -> 1 | L16: =SUM(L5:L15) -> 1 | M16: =SUM(M5:M15) -> 1 | N16: =SUM(N5:N15) -> 1
A18: 配分＝上位の媒体の届きやすさの比率。予算（別途、売れやすさから提案）にこの配分を掛けて媒体ごとの金額にします。

Sheet 媒体
A1: 媒体 | B1: 使う統計（年代別） | C1: 一律の届きやすさ | D1: 反響係数（自動） | E1: 使う（〇／×） | F1: 形式の例（AIが広告案に使う） | G1: 届きやすさの出典
A2: Instagram広告 | B2: Instagram | D2: =IFERROR(INDEX(反響の集計!$G$2:$G$12,MATCH(A2,反響の集計!$A$2:$A$12,0)),1) -> 1 | E2: 〇 | F2: リール動画（30秒で外観→間取り→周辺）、写真の投稿 | G2: 総務省 令和7年度 情報通信メディアの利用時間と情報行動に関する調査
A3: TikTok広告 | B3: TikTok | D3: =IFERROR(INDEX(反響の集計!$G$2:$G$12,MATCH(A3,反響の集計!$A$2:$A$12,0)),1) -> 1 | E3: 〇 | F3: ショート動画（ルームツアー） | G3: 同上
A4: YouTube広告 | B4: YouTube | D4: =IFERROR(INDEX(反響の集計!$G$2:$G$12,MATCH(A4,反響の集計!$A$2:$A$12,0)),1) -> 1 | E4: 〇 | F4: ショート動画、ルームツアー動画 | G4: 同上
A5: LINE広告 | B5: LINE | D5: =IFERROR(INDEX(反響の集計!$G$2:$G$12,MATCH(A5,反響の集計!$A$2:$A$12,0)),1) -> 1 | E5: 〇 | F5: LINE広告の画像・カルーセル、公式アカウントの配信 | G5: 同上
A6: Facebook広告 | B6: Facebook | D6: =IFERROR(INDEX(反響の集計!$G$2:$G$12,MATCH(A6,反響の集計!$A$2:$A$12,0)),1) -> 1 | E6: 〇 | F6: 画像広告（地域・年代で配信先を指定） | G6: 同上
A7: ポータル掲載 | C7: 65.7 | D7: =IFERROR(INDEX(反響の集計!$G$2:$G$12,MATCH(A7,反響の集計!$A$2:$A$12,0)),1) -> 1 | E7: 〇 | F7: 物件写真20枚以上、間取り図、周辺施設までの距離 | G7: 住宅市場動向調査R7：物件をインターネットで探した 分譲戸建68.1%・中古戸建63.2%の平均
A8: Google検索広告 | C8: 65.7 | D8: =IFERROR(INDEX(反響の集計!$G$2:$G$12,MATCH(A8,反響の集計!$A$2:$A$12,0)),1) -> 1 | E8: 〇 | F8: 「新潟市〇〇区 新築戸建」などの検索に出す広告 | G8: 同上（ポータル掲載と同じ値。ネットで探す人の重なりに注意）
A9: 新聞折込 | B9: 新聞 | D9: =IFERROR(INDEX(反響の集計!$G$2:$G$12,MATCH(A9,反響の集計!$A$2:$A$12,0)),1) -> 1 | E9: 〇 | F9: チラシ（間取り・価格・地図・見学会の日時） | G9: 総務省 同調査 新聞閲読の平日の行為者率
A10: ポスティング | C10: 20 | D10: =IFERROR(INDEX(反響の集計!$G$2:$G$12,MATCH(A10,反響の集計!$A$2:$A$12,0)),1) -> 1 | E10: 〇 | F10: チラシ（学区・周辺の町に限定） | G10: 統計なし。仮置き。BRUMBY様の実績で設定
A11: 現地看板・見学会 | C11: 12.9 | D11: =IFERROR(INDEX(反響の集計!$G$2:$G$12,MATCH(A11,反響の集計!$A$2:$A$12,0)),1) -> 1 | E11: 〇 | F11: のぼり・看板、週末の見学会 | G11: 住宅市場動向調査R7：現地を通りがかった 分譲戸建12.9%
A12: 店頭・紹介 | C12: 43.6 | D12: =IFERROR(INDEX(反響の集計!$G$2:$G$12,MATCH(A12,反響の集計!$A$2:$A$12,0)),1) -> 1 | E12: 〇 | F12: 店頭での紹介、既存顧客・知人からの紹介 | G12: 住宅市場動向調査R7：不動産業者で探した 分譲戸建40.6%・中古戸建46.6%の平均
A14: 使う統計がある媒体は、ペルソナの年代構成で利用率を平均して届きやすさを出します。統計がない媒体は「一律の届きやすさ」を全ペルソナに使います。
A15: 反響係数は「反響の記録」から自動で計算します（記録が少ないうちは1.00）。新しい媒体は空き行に追加してください。

Sheet 媒体の利用率
A1: 統計の名前 | B1: 20代 | C1: 30代 | D1: 40代 | E1: 50代 | F1: 60代 | G1: 70代 | H1: 全年代 | I1: 指標 | J1: 出典
A2: LINE | B2: 97.7 | C2: 97.9 | D2: 96.6 | E2: 95.6 | F2: 92 | G2: 77.8 | H2: 92.9 | I2: 利用率 | J2: 総務省 情報通信政策研究所「令和7年度 情報通信メディアの利用時間と情報行動に関する調査」（2026年6月公表、調査2025年12月、全国13〜79歳1,800人）。SNSは概要 第5章5-1、新聞・テレビは報告書 表1-1-1-2
A3: Instagram | B3: 82.6 | C3: 76.6 | D3: 67.1 | E3: 54.4 | F3: 36.1 | G3: 15.8 | H3: 54.8 | I3: 利用率 | J3: 総務省 情報通信政策研究所「令和7年度 情報通信メディアの利用時間と情報行動に関する調査」（2026年6月公表、調査2025年12月、全国13〜79歳1,800人）。SNSは概要 第5章5-1、新聞・テレビは報告書 表1-1-1-2
A4: TikTok | B4: 61.5 | C4: 44.7 | D4: 42.6 | E4: 32.2 | F4: 21.2 | G4: 11.1 | H4: 36.7 | I4: 利用率 | J4: 総務省 情報通信政策研究所「令和7年度 情報通信メディアの利用時間と情報行動に関する調査」（2026年6月公表、調査2025年12月、全国13〜79歳1,800人）。SNSは概要 第5章5-1、新聞・テレビは報告書 表1-1-1-2
A5: YouTube | B5: 96.3 | C5: 94 | D5: 91.6 | E5: 84.9 | F5: 72.6 | G5: 48.5 | H5: 81.5 | I5: 利用率 | J5: 総務省 情報通信政策研究所「令和7年度 情報通信メディアの利用時間と情報行動に関する調査」（2026年6月公表、調査2025年12月、全国13〜79歳1,800人）。SNSは概要 第5章5-1、新聞・テレビは報告書 表1-1-1-2
A6: Facebook | B6: 23.4 | C6: 37.4 | D6: 38.9 | E6: 33.1 | F6: 22.6 | G6: 12.5 | H6: 27 | I6: 利用率 | J6: 総務省 情報通信政策研究所「令和7年度 情報通信メディアの利用時間と情報行動に関する調査」（2026年6月公表、調査2025年12月、全国13〜79歳1,800人）。SNSは概要 第5章5-1、新聞・テレビは報告書 表1-1-1-2
A7: X | B7: 73.4 | C7: 67.7 | D7: 57 | E7: 40.2 | F7: 24.8 | G7: 10.8 | H7: 44.7 | I7: 利用率 | J7: 総務省 情報通信政策研究所「令和7年度 情報通信メディアの利用時間と情報行動に関する調査」（2026年6月公表、調査2025年12月、全国13〜79歳1,800人）。SNSは概要 第5章5-1、新聞・テレビは報告書 表1-1-1-2
A8: 新聞 | B8: 1.6 | C8: 3 | D8: 10.7 | E8: 25.4 | F8: 38.9 | G8: 49.5 | H8: 21.3 | I8: 平日の行為者率 | J8: 総務省 情報通信政策研究所「令和7年度 情報通信メディアの利用時間と情報行動に関する調査」（2026年6月公表、調査2025年12月、全国13〜79歳1,800人）。SNSは概要 第5章5-1、新聞・テレビは報告書 表1-1-1-2
A9: テレビ | B9: 42.7 | C9: 54.9 | D9: 70 | E9: 81.8 | F9: 88.1 | G9: 91.9 | H9: 71.3 | I9: 平日の行為者率 | J9: 総務省 情報通信政策研究所「令和7年度 情報通信メディアの利用時間と情報行動に関する調査」（2026年6月公表、調査2025年12月、全国13〜79歳1,800人）。SNSは概要 第5章5-1、新聞・テレビは報告書 表1-1-1-2
A11: 利用率＝「自分が利用している」と答えた人の割合（%）。新聞・テレビは平日にその行為をした人の割合（行為者率）。全国の値で、新潟の値はありません。毎年6月ごろ公表される最新版に入れ替えてください。

Sheet ペルソナの年代
A1: ID | B1: ターゲット候補 | C1: 20代 | D1: 30代 | E1: 40代 | F1: 50代 | G1: 60代 | H1: 70代 | I1: 合計
A2: A | B2: 若い夫婦（子なし〜未就学児） | C2: 0.4 | D2: 0.6 | E2: 0 | F2: 0 | G2: 0 | H2: 0 | I2: =SUM(C2:H2) -> 1
A3: B | B3: 小中学生のいる家族 | C3: 0 | D3: 0.5 | E3: 0.5 | F3: 0 | G3: 0 | H3: 0 | I3: =SUM(C3:H3) -> 1
A4: C | B4: 50代の住み替え | C4: 0 | D4: 0 | E4: 0 | F4: 1 | G4: 0 | H4: 0 | I4: =SUM(C4:H4) -> 1
A5: D | B5: 60歳以上 | C5: 0 | D5: 0 | E5: 0 | F5: 0 | G5: 0.7 | H5: 0.3 | I5: =SUM(C5:H5) -> 1
A6: E | B6: 単身 | C6: 0.3 | D6: 0.4 | E6: 0.3 | F6: 0 | G6: 0 | H6: 0 | I6: =SUM(C6:H6) -> 1
A7: F | B7: 親と同居する世帯（二世帯） | C7: 0 | D7: 0.3 | E7: 0.4 | F7: 0.3 | G7: 0 | H7: 0 | I7: =SUM(C7:H7) -> 1
A9: ペルソナの世帯主（広告を見て判断する人）の年代構成。代表年齢（A 32歳・B 40歳・C 55歳・D 66歳・E 38歳・F 42歳）から仮置き。Fは親世帯も判断に関わるため幅を持たせています。

Sheet 反響の記録
A1: 物件ID | B1: 媒体 | C1: 掲載開始日 | D1: 費用（円） | E1: 問い合わせ数 | F1: 見学数 | G1: 成約（1/0） | H1: メモ
A2: 例）B001 | B2: Instagram広告 | C2: 2026-11-01 | D2: 50000 | E2: 6 | F2: 2 | G2: 1 | H2: リール動画。30代の問い合わせが多い

Sheet 反響の集計
A1: 媒体 | B1: 費用計（円） | C1: 問い合わせ計 | D1: 見学計 | E1: 成約計 | F1: 問い合わせ1件あたり（円） | G1: 反響係数 | I1: 係数を使い始める問い合わせ数 | K1: 10
A2: =媒体!A2 -> Instagram広告 | B2: =SUMIF(反響の記録!$B$3:$B$202,$A2,反響の記録!$D$3:$D$202) -> 0 | C2: =SUMIF(反響の記録!$B$3:$B$202,$A2,反響の記録!$E$3:$E$202) -> 0 | D2: =SUMIF(反響の記録!$B$3:$B$202,$A2,反響の記録!$F$3:$F$202) -> 0 | E2: =SUMIF(反響の記録!$B$3:$B$202,$A2,反響の記録!$G$3:$G$202) -> 0 | F2: =IF(C2=0,"",B2/C2) | G2: =IF(OR(C2<$K$1,F2="",F2=0),1,ROUND(MIN(2,MAX(0.5,(SUM($B$2:$B$12)/SUM($C$2:$C$12))/F2)),2)) -> 1
A3: =媒体!A3 -> TikTok広告 | B3: =SUMIF(反響の記録!$B$3:$B$202,$A3,反響の記録!$D$3:$D$202) -> 0 | C3: =SUMIF(反響の記録!$B$3:$B$202,$A3,反響の記録!$E$3:$E$202) -> 0 | D3: =SUMIF(反響の記録!$B$3:$B$202,$A3,反響の記録!$F$3:$F$202) -> 0 | E3: =SUMIF(反響の記録!$B$3:$B$202,$A3,反響の記録!$G$3:$G$202) -> 0 | F3: =IF(C3=0,"",B3/C3) | G3: =IF(OR(C3<$K$1,F3="",F3=0),1,ROUND(MIN(2,MAX(0.5,(SUM($B$2:$B$12)/SUM($C$2:$C$12))/F3)),2)) -> 1
A4: =媒体!A4 -> YouTube広告 | B4: =SUMIF(反響の記録!$B$3:$B$202,$A4,反響の記録!$D$3:$D$202) -> 0 | C4: =SUMIF(反響の記録!$B$3:$B$202,$A4,反響の記録!$E$3:$E$202) -> 0 | D4: =SUMIF(反響の記録!$B$3:$B$202,$A4,反響の記録!$F$3:$F$202) -> 0 | E4: =SUMIF(反響の記録!$B$3:$B$202,$A4,反響の記録!$G$3:$G$202) -> 0 | F4: =IF(C4=0,"",B4/C4) | G4: =IF(OR(C4<$K$1,F4="",F4=0),1,ROUND(MIN(2,MAX(0.5,(SUM($B$2:$B$12)/SUM($C$2:$C$12))/F4)),2)) -> 1
A5: =媒体!A5 -> LINE広告 | B5: =SUMIF(反響の記録!$B$3:$B$202,$A5,反響の記録!$D$3:$D$202) -> 0 | C5: =SUMIF(反響の記録!$B$3:$B$202,$A5,反響の記録!$E$3:$E$202) -> 0 | D5: =SUMIF(反響の記録!$B$3:$B$202,$A5,反響の記録!$F$3:$F$202) -> 0 | E5: =SUMIF(反響の記録!$B$3:$B$202,$A5,反響の記録!$G$3:$G$202) -> 0 | F5: =IF(C5=0,"",B5/C5) | G5: =IF(OR(C5<$K$1,F5="",F5=0),1,ROUND(MIN(2,MAX(0.5,(SUM($B$2:$B$12)/SUM($C$2:$C$12))/F5)),2)) -> 1
A6: =媒体!A6 -> Facebook広告 | B6: =SUMIF(反響の記録!$B$3:$B$202,$A6,反響の記録!$D$3:$D$202) -> 0 | C6: =SUMIF(反響の記録!$B$3:$B$202,$A6,反響の記録!$E$3:$E$202) -> 0 | D6: =SUMIF(反響の記録!$B$3:$B$202,$A6,反響の記録!$F$3:$F$202) -> 0 | E6: =SUMIF(反響の記録!$B$3:$B$202,$A6,反響の記録!$G$3:$G$202) -> 0 | F6: =IF(C6=0,"",B6/C6) | G6: =IF(OR(C6<$K$1,F6="",F6=0),1,ROUND(MIN(2,MAX(0.5,(SUM($B$2:$B$12)/SUM($C$2:$C$12))/F6)),2)) -> 1
A7: =媒体!A7 -> ポータル掲載 | B7: =SUMIF(反響の記録!$B$3:$B$202,$A7,反響の記録!$D$3:$D$202) -> 0 | C7: =SUMIF(反響の記録!$B$3:$B$202,$A7,反響の記録!$E$3:$E$202) -> 0 | D7: =SUMIF(反響の記録!$B$3:$B$202,$A7,反響の記録!$F$3:$F$202) -> 0 | E7: =SUMIF(反響の記録!$B$3:$B$202,$A7,反響の記録!$G$3:$G$202) -> 0 | F7: =IF(C7=0,"",B7/C7) | G7: =IF(OR(C7<$K$1,F7="",F7=0),1,ROUND(MIN(2,MAX(0.5,(SUM($B$2:$B$12)/SUM($C$2:$C$12))/F7)),2)) -> 1
A8: =媒体!A8 -> Google検索広告 | B8: =SUMIF(反響の記録!$B$3:$B$202,$A8,反響の記録!$D$3:$D$202) -> 0 | C8: =SUMIF(反響の記録!$B$3:$B$202,$A8,反響の記録!$E$3:$E$202) -> 0 | D8: =SUMIF(反響の記録!$B$3:$B$202,$A8,反響の記録!$F$3:$F$202) -> 0 | E8: =SUMIF(反響の記録!$B$3:$B$202,$A8,反響の記録!$G$3:$G$202) -> 0 | F8: =IF(C8=0,"",B8/C8) | G8: =IF(OR(C8<$K$1,F8="",F8=0),1,ROUND(MIN(2,MAX(0.5,(SUM($B$2:$B$12)/SUM($C$2:$C$12))/F8)),2)) -> 1
A9: =媒体!A9 -> 新聞折込 | B9: =SUMIF(反響の記録!$B$3:$B$202,$A9,反響の記録!$D$3:$D$202) -> 0 | C9: =SUMIF(反響の記録!$B$3:$B$202,$A9,反響の記録!$E$3:$E$202) -> 0 | D9: =SUMIF(反響の記録!$B$3:$B$202,$A9,反響の記録!$F$3:$F$202) -> 0 | E9: =SUMIF(反響の記録!$B$3:$B$202,$A9,反響の記録!$G$3:$G$202) -> 0 | F9: =IF(C9=0,"",B9/C9) | G9: =IF(OR(C9<$K$1,F9="",F9=0),1,ROUND(MIN(2,MAX(0.5,(SUM($B$2:$B$12)/SUM($C$2:$C$12))/F9)),2)) -> 1
A10: =媒体!A10 -> ポスティング | B10: =SUMIF(反響の記録!$B$3:$B$202,$A10,反響の記録!$D$3:$D$202) -> 0 | C10: =SUMIF(反響の記録!$B$3:$B$202,$A10,反響の記録!$E$3:$E$202) -> 0 | D10: =SUMIF(反響の記録!$B$3:$B$202,$A10,反響の記録!$F$3:$F$202) -> 0 | E10: =SUMIF(反響の記録!$B$3:$B$202,$A10,反響の記録!$G$3:$G$202) -> 0 | F10: =IF(C10=0,"",B10/C10) | G10: =IF(OR(C10<$K$1,F10="",F10=0),1,ROUND(MIN(2,MAX(0.5,(SUM($B$2:$B$12)/SUM($C$2:$C$12))/F10)),2)) -> 1
A11: =媒体!A11 -> 現地看板・見学会 | B11: =SUMIF(反響の記録!$B$3:$B$202,$A11,反響の記録!$D$3:$D$202) -> 0 | C11: =SUMIF(反響の記録!$B$3:$B$202,$A11,反響の記録!$E$3:$E$202) -> 0 | D11: =SUMIF(反響の記録!$B$3:$B$202,$A11,反響の記録!$F$3:$F$202) -> 0 | E11: =SUMIF(反響の記録!$B$3:$B$202,$A11,反響の記録!$G$3:$G$202) -> 0 | F11: =IF(C11=0,"",B11/C11) | G11: =IF(OR(C11<$K$1,F11="",F11=0),1,ROUND(MIN(2,MAX(0.5,(SUM($B$2:$B$12)/SUM($C$2:$C$12))/F11)),2)) -> 1
A12: =媒体!A12 -> 店頭・紹介 | B12: =SUMIF(反響の記録!$B$3:$B$202,$A12,反響の記録!$D$3:$D$202) -> 0 | C12: =SUMIF(反響の記録!$B$3:$B$202,$A12,反響の記録!$E$3:$E$202) -> 0 | D12: =SUMIF(反響の記録!$B$3:$B$202,$A12,反響の記録!$F$3:$F$202) -> 0 | E12: =SUMIF(反響の記録!$B$3:$B$202,$A12,反響の記録!$G$3:$G$202) -> 0 | F12: =IF(C12=0,"",B12/C12) | G12: =IF(OR(C12<$K$1,F12="",F12=0),1,ROUND(MIN(2,MAX(0.5,(SUM($B$2:$B$12)/SUM($C$2:$C$12))/F12)),2)) -> 1
A14: 反響係数＝全媒体の平均の問い合わせ単価 ÷ その媒体の問い合わせ単価（0.5〜2.0に制限）。安く問い合わせが取れる媒体ほど大きくなり、配分が増えます。問い合わせが少ないうちは1.00のままです。
